CREATE DATABASE  IF NOT EXISTS `full-stack-ecommerce` /*!40100 DEFAULT CHARACTER SET utf8mb4 COLLATE utf8mb4_0900_ai_ci */ /*!80016 DEFAULT ENCRYPTION='N' */;
USE `full-stack-ecommerce`;
-- MySQL dump 10.13  Distrib 8.0.25, for Win64 (x86_64)
--
-- Host: 127.0.0.1    Database: full-stack-ecommerce
-- ------------------------------------------------------
-- Server version	8.0.25

/*!40101 SET @OLD_CHARACTER_SET_CLIENT=@@CHARACTER_SET_CLIENT */;
/*!40101 SET @OLD_CHARACTER_SET_RESULTS=@@CHARACTER_SET_RESULTS */;
/*!40101 SET @OLD_COLLATION_CONNECTION=@@COLLATION_CONNECTION */;
/*!50503 SET NAMES utf8 */;
/*!40103 SET @OLD_TIME_ZONE=@@TIME_ZONE */;
/*!40103 SET TIME_ZONE='+00:00' */;
/*!40014 SET @OLD_UNIQUE_CHECKS=@@UNIQUE_CHECKS, UNIQUE_CHECKS=0 */;
/*!40014 SET @OLD_FOREIGN_KEY_CHECKS=@@FOREIGN_KEY_CHECKS, FOREIGN_KEY_CHECKS=0 */;
/*!40101 SET @OLD_SQL_MODE=@@SQL_MODE, SQL_MODE='NO_AUTO_VALUE_ON_ZERO' */;
/*!40111 SET @OLD_SQL_NOTES=@@SQL_NOTES, SQL_NOTES=0 */;

--
-- Table structure for table `address`
--

DROP TABLE IF EXISTS `address`;
/*!40101 SET @saved_cs_client     = @@character_set_client */;
/*!50503 SET character_set_client = utf8mb4 */;
CREATE TABLE `address` (
  `id` bigint NOT NULL AUTO_INCREMENT,
  `city` varchar(255) DEFAULT NULL,
  `country` varchar(255) DEFAULT NULL,
  `state` varchar(255) DEFAULT NULL,
  `street` varchar(255) DEFAULT NULL,
  `zip_code` varchar(255) DEFAULT NULL,
  PRIMARY KEY (`id`)
) ENGINE=InnoDB AUTO_INCREMENT=31 DEFAULT CHARSET=utf8mb4 COLLATE=utf8mb4_0900_ai_ci;
/*!40101 SET character_set_client = @saved_cs_client */;

--
-- Dumping data for table `address`
--

LOCK TABLES `address` WRITE;
/*!40000 ALTER TABLE `address` DISABLE KEYS */;
INSERT INTO `address` VALUES (1,'sfdsf','India','Assam','fsfsf','19111'),(2,'afasa','India','Delhi','afasa','afasa'),(3,'sfdsf','India','Assam','fsfsf','19111'),(4,'afasa','India','Delhi','afasa','afasa'),(5,'Sivasagar','India',NULL,'Nazira, LakhimiAli, Devapath','785685'),(6,'Sivasagar','India',NULL,'Nazira, LakhimiAli, Devapath','785685'),(7,'Sivasagar','India',NULL,'Nazira, LakhimiAli, Devapath','785685'),(8,'Sivasagar','India',NULL,'Nazira, LakhimiAli, Devapath','785685'),(9,'Sivasagar','India',NULL,'Nazira, LakhimiAli, Devapath','785685'),(10,'Sivasagar','India',NULL,'Nazira, LakhimiAli, Devapath','785685'),(11,'sfdsf','India','Assam','fsfsf','19111'),(12,'afasa','India','Delhi','afasa','afasa'),(13,'sfdsf','India','Assam','fsfsf','19111'),(14,'afasa','India','Delhi','afasa','afasa'),(15,'Sivasagar','India',NULL,'Nazira, LakhimiAli, Devapath','785685'),(16,'Sivasagar','India',NULL,'Nazira, LakhimiAli, Devapath','785685'),(17,'sfdsf','India','Assam','fsfsf','19111'),(18,'afasa','India','Delhi','afasa','afasa'),(19,'sfdsf','India','Assam','fsfsf','19111'),(20,'afasa','India','Delhi','afasa','afasa'),(21,'sfdsf','India','Assam','fsfsf','19111'),(22,'afasa','India','Delhi','afasa','afasa'),(23,'Sivasagar','India',NULL,'Nazira, LakhimiAli, Devapath','785685'),(24,'Sivasagar','India',NULL,'Nazira, LakhimiAli, Devapath','785685'),(25,'SS','Germany',NULL,'23-HH','32456'),(26,'SS','Germany',NULL,'23-HH','32456'),(27,'SS','Canada',NULL,'23-HH','32456'),(28,'SS','Canada',NULL,'23-HH','32456'),(29,'sfdsf','India','Assam','fsfsf','19111'),(30,'afasa','India','Delhi','afasa','afasa');
/*!40000 ALTER TABLE `address` ENABLE KEYS */;
UNLOCK TABLES;

--
-- Table structure for table `country`
--

DROP TABLE IF EXISTS `country`;
/*!40101 SET @saved_cs_client     = @@character_set_client */;
/*!50503 SET character_set_client = utf8mb4 */;
CREATE TABLE `country` (
  `id` smallint unsigned NOT NULL,
  `code` varchar(2) DEFAULT NULL,
  `name` varchar(255) DEFAULT NULL,
  PRIMARY KEY (`id`)
) ENGINE=InnoDB DEFAULT CHARSET=utf8mb4 COLLATE=utf8mb4_0900_ai_ci;
/*!40101 SET character_set_client = @saved_cs_client */;

--
-- Dumping data for table `country`
--

LOCK TABLES `country` WRITE;
/*!40000 ALTER TABLE `country` DISABLE KEYS */;
INSERT INTO `country` VALUES (1,'BR','Brazil'),(2,'CA','Canada'),(3,'DE','Germany'),(4,'IN','India'),(5,'TR','Turkey'),(6,'US','United States');
/*!40000 ALTER TABLE `country` ENABLE KEYS */;
UNLOCK TABLES;

--
-- Table structure for table `customer`
--

DROP TABLE IF EXISTS `customer`;
/*!40101 SET @saved_cs_client     = @@character_set_client */;
/*!50503 SET character_set_client = utf8mb4 */;
CREATE TABLE `customer` (
  `id` bigint NOT NULL AUTO_INCREMENT,
  `first_name` varchar(255) DEFAULT NULL,
  `last_name` varchar(255) DEFAULT NULL,
  `email` varchar(255) DEFAULT NULL,
  PRIMARY KEY (`id`),
  UNIQUE KEY `email` (`email`),
  UNIQUE KEY `email_2` (`email`)
) ENGINE=InnoDB AUTO_INCREMENT=6 DEFAULT CHARSET=utf8mb4 COLLATE=utf8mb4_0900_ai_ci;
/*!40101 SET character_set_client = @saved_cs_client */;

--
-- Dumping data for table `customer`
--

LOCK TABLES `customer` WRITE;
/*!40000 ALTER TABLE `customer` DISABLE KEYS */;
INSERT INTO `customer` VALUES (1,'Abhinov','Gogoi','abhinov@test.com'),(2,'Abhinov','Gogoi','abhinov.in@gmail.com'),(3,'Demo','demo','demo@gmail.com'),(4,'John','Doe','john.doe@gmail.com'),(5,'John','Doe','madhurjya.sarmah@gmail.com');
/*!40000 ALTER TABLE `customer` ENABLE KEYS */;
UNLOCK TABLES;

--
-- Table structure for table `order_item`
--

DROP TABLE IF EXISTS `order_item`;
/*!40101 SET @saved_cs_client     = @@character_set_client */;
/*!50503 SET character_set_client = utf8mb4 */;
CREATE TABLE `order_item` (
  `id` bigint NOT NULL AUTO_INCREMENT,
  `image_url` varchar(255) DEFAULT NULL,
  `quantity` int DEFAULT NULL,
  `unit_price` decimal(19,2) DEFAULT NULL,
  `order_id` bigint DEFAULT NULL,
  `product_id` bigint DEFAULT NULL,
  PRIMARY KEY (`id`),
  KEY `K_order_id` (`order_id`),
  KEY `FK_product_id` (`product_id`),
  CONSTRAINT `FK_order_id` FOREIGN KEY (`order_id`) REFERENCES `orders` (`id`),
  CONSTRAINT `FK_product_id` FOREIGN KEY (`product_id`) REFERENCES `product` (`id`)
) ENGINE=InnoDB AUTO_INCREMENT=34 DEFAULT CHARSET=utf8mb4 COLLATE=utf8mb4_0900_ai_ci;
/*!40101 SET character_set_client = @saved_cs_client */;

--
-- Dumping data for table `order_item`
--

LOCK TABLES `order_item` WRITE;
/*!40000 ALTER TABLE `order_item` DISABLE KEYS */;
INSERT INTO `order_item` VALUES (1,'assets/images/products/coffeemugs/coffeemug-luv2code-1000.png',1,18.99,1,26),(2,'assets/images/products/mousepads/mousepad-luv2code-1000.png',1,17.99,1,51),(3,'assets/images/products/coffeemugs/coffeemug-luv2code-1000.png',1,18.99,2,26),(4,'assets/images/products/mousepads/mousepad-luv2code-1000.png',1,17.99,2,51),(5,'assets/images/products/books/book-luv2code-1001.png',3,20.99,3,2),(6,'assets/images/products/books/book-luv2code-1002.png',1,14.99,3,3),(7,'assets/images/products/books/book-luv2code-1002.png',3,14.99,4,3),(8,'assets/images/products/books/book-luv2code-1000.png',2,14.99,4,1),(9,'assets/images/products/luggagetags/luggagetag-luv2code-1001.png',2,16.99,4,77),(10,'assets/images/products/books/book-luv2code-1001.png',5,20.99,4,2),(11,'assets/images/products/books/book-luv2code-1002.png',3,14.99,5,3),(12,'assets/images/products/luggagetags/luggagetag-luv2code-1001.png',4,16.99,5,77),(13,'assets/images/products/luggagetags/luggagetag-luv2code-1000.png',2,16.99,5,76),(14,'assets/images/products/books/book-luv2code-1001.png',5,20.99,5,2),(15,'assets/images/products/books/book-luv2code-1000.png',2,14.99,5,1),(16,'assets/images/products/coffeemugs/coffeemug-luv2code-1000.png',1,18.99,6,26),(17,'assets/images/products/mousepads/mousepad-luv2code-1000.png',1,17.99,6,51),(18,'assets/images/products/coffeemugs/coffeemug-luv2code-1000.png',1,18.99,7,26),(19,'assets/images/products/mousepads/mousepad-luv2code-1000.png',1,17.99,7,51),(20,'assets/images/products/mousepads/mousepad-luv2code-1000.png',2,17.99,8,51),(21,'assets/images/products/mousepads/mousepad-luv2code-1001.png',2,17.99,8,52),(22,'assets/images/products/coffeemugs/coffeemug-luv2code-1000.png',1,18.99,9,26),(23,'assets/images/products/mousepads/mousepad-luv2code-1000.png',1,17.99,9,51),(24,'assets/images/products/mousepads/mousepad-luv2code-1000.png',1,17.99,10,51),(25,'assets/images/products/coffeemugs/coffeemug-luv2code-1000.png',1,18.99,10,26),(26,'assets/images/products/coffeemugs/coffeemug-luv2code-1000.png',1,18.99,11,26),(27,'assets/images/products/mousepads/mousepad-luv2code-1000.png',1,17.99,11,51),(28,'assets/images/products/mousepads/mousepad-luv2code-1001.png',2,17.99,12,52),(29,'assets/images/products/mousepads/mousepad-luv2code-1000.png',2,17.99,12,51),(30,'assets/images/products/books/book-luv2code-1001.png',2,20.99,13,2),(31,'assets/images/products/books/book-luv2code-1002.png',2,14.99,14,3),(32,'assets/images/products/coffeemugs/coffeemug-luv2code-1000.png',1,18.99,15,26),(33,'assets/images/products/mousepads/mousepad-luv2code-1000.png',1,17.99,15,51);
/*!40000 ALTER TABLE `order_item` ENABLE KEYS */;
UNLOCK TABLES;

--
-- Table structure for table `orders`
--

DROP TABLE IF EXISTS `orders`;
/*!40101 SET @saved_cs_client     = @@character_set_client */;
/*!50503 SET character_set_client = utf8mb4 */;
CREATE TABLE `orders` (
  `id` bigint NOT NULL AUTO_INCREMENT,
  `order_tracking_number` varchar(255) DEFAULT NULL,
  `total_price` decimal(19,2) DEFAULT NULL,
  `total_quantity` int DEFAULT NULL,
  `billing_address_id` bigint DEFAULT NULL,
  `customer_id` bigint DEFAULT NULL,
  `shipping_address_id` bigint DEFAULT NULL,
  `status` varchar(128) DEFAULT NULL,
  `date_created` datetime(6) DEFAULT NULL,
  `last_updated` datetime(6) DEFAULT NULL,
  PRIMARY KEY (`id`),
  UNIQUE KEY `UK_billing_address_id` (`billing_address_id`),
  UNIQUE KEY `UK_shipping_address_id` (`shipping_address_id`),
  KEY `K_customer_id` (`customer_id`),
  CONSTRAINT `FK_billing_address_id` FOREIGN KEY (`billing_address_id`) REFERENCES `address` (`id`),
  CONSTRAINT `FK_customer_id` FOREIGN KEY (`customer_id`) REFERENCES `customer` (`id`),
  CONSTRAINT `FK_shipping_address_id` FOREIGN KEY (`shipping_address_id`) REFERENCES `address` (`id`)
) ENGINE=InnoDB AUTO_INCREMENT=16 DEFAULT CHARSET=utf8mb4 COLLATE=utf8mb4_0900_ai_ci;
/*!40101 SET character_set_client = @saved_cs_client */;

--
-- Dumping data for table `orders`
--

LOCK TABLES `orders` WRITE;
/*!40000 ALTER TABLE `orders` DISABLE KEYS */;
INSERT INTO `orders` VALUES (1,'e5ac01d5-c645-4f3b-9dca-fd4eefb3073d',36.98,2,1,1,2,NULL,'2021-07-30 04:55:28.581000','2021-07-30 04:55:28.581000'),(2,'83e56ae2-d375-4ad3-8a22-d7e0274bf570',36.98,2,3,1,4,NULL,'2021-07-30 04:55:51.350000','2021-07-30 04:55:51.350000'),(3,'16699ff5-747a-480e-ab9c-4b7d4281a85a',77.96,4,5,2,6,NULL,'2021-07-30 04:56:14.328000','2021-07-30 04:56:14.328000'),(4,'555a9bc3-1108-4c31-a53d-b1fd65ffaddb',213.88,12,7,3,8,NULL,'2021-07-30 07:26:21.100000','2021-07-30 07:26:21.100000'),(5,'f03247ad-0ae0-4a4d-a151-7a004694df07',281.84,16,9,2,10,NULL,'2021-07-30 08:10:17.334000','2021-07-30 08:10:17.334000'),(6,'54858708-b4be-4fdf-a9ae-726f69a24ebf',36.98,2,11,4,12,NULL,'2021-08-01 06:46:54.888000','2021-08-01 06:46:54.888000'),(7,'c28157c6-fd6a-4cd5-9fcd-d3a1c0a03281',36.98,2,13,4,14,NULL,'2021-08-01 06:51:09.788000','2021-08-01 06:51:09.788000'),(8,'e53acd03-a04f-4ac5-8a8f-2cc0689d66ee',71.96,4,15,4,16,NULL,'2021-08-01 06:55:13.038000','2021-08-01 06:55:13.038000'),(9,'f0ca588f-7765-46aa-babe-a80290f8225a',36.98,2,17,4,18,NULL,'2021-08-01 07:00:07.832000','2021-08-01 07:00:07.832000'),(10,'bb370030-0d2f-4160-971a-8661cad8101f',36.98,2,19,4,20,NULL,'2021-08-01 07:00:10.425000','2021-08-01 07:00:10.425000'),(11,'57829fd4-bb4e-4ec3-bdff-89b315b6037e',36.98,2,21,4,22,NULL,'2021-08-01 07:00:11.349000','2021-08-01 07:00:11.349000'),(12,'83f5f15d-b59f-4805-8c9b-f4171dd3f983',71.96,4,23,2,24,NULL,'2021-08-01 07:04:45.591000','2021-08-01 07:04:45.591000'),(13,'7ac53c7b-ed60-4269-8e2d-85be8b59724e',41.98,2,25,4,26,NULL,'2021-08-01 07:05:40.687000','2021-08-01 07:05:40.687000'),(14,'239f6510-be5a-49d3-a940-3cdb5a2557ca',29.98,2,27,4,28,NULL,'2021-08-01 07:06:39.445000','2021-08-01 07:06:39.445000'),(15,'48ccf019-f519-45fc-bbe8-f646319ac587',36.98,2,29,5,30,NULL,'2021-08-01 12:15:59.448000','2021-08-01 12:15:59.448000');
/*!40000 ALTER TABLE `orders` ENABLE KEYS */;
UNLOCK TABLES;

--
-- Table structure for table `product`
--

DROP TABLE IF EXISTS `product`;
/*!40101 SET @saved_cs_client     = @@character_set_client */;
/*!50503 SET character_set_client = utf8mb4 */;
CREATE TABLE `product` (
  `id` bigint NOT NULL AUTO_INCREMENT,
  `sku` varchar(255) DEFAULT NULL,
  `name` varchar(255) DEFAULT NULL,
  `description` varchar(255) DEFAULT NULL,
  `unit_price` decimal(13,2) DEFAULT NULL,
  `image_url` varchar(255) DEFAULT NULL,
  `active` bit(1) DEFAULT b'1',
  `units_in_stock` int DEFAULT NULL,
  `date_created` datetime(6) DEFAULT NULL,
  `last_updated` datetime(6) DEFAULT NULL,
  `category_id` bigint NOT NULL,
  PRIMARY KEY (`id`),
  KEY `fk_category` (`category_id`),
  CONSTRAINT `fk_category` FOREIGN KEY (`category_id`) REFERENCES `product_category` (`id`)
) ENGINE=InnoDB AUTO_INCREMENT=101 DEFAULT CHARSET=utf8mb4 COLLATE=utf8mb4_0900_ai_ci;
/*!40101 SET character_set_client = @saved_cs_client */;

--
-- Dumping data for table `product`
--

LOCK TABLES `product` WRITE;
/*!40000 ALTER TABLE `product` DISABLE KEYS */;
INSERT INTO `product` VALUES (1,'BOOK-TECH-1000','Crash Course in Python','Learn Python at your own pace. The author explains how the technology works in easy-to-understand language. This book includes working examples that you can apply to your own projects. Purchase the book and get started today!',14.99,'assets/images/products/books/book-luv2code-1000.png',_binary '',100,'2021-07-20 08:18:53.000000',NULL,1),(2,'BOOK-TECH-1001','Become a Guru in JavaScript','Learn JavaScript at your own pace. The author explains how the technology works in easy-to-understand language. This book includes working examples that you can apply to your own projects. Purchase the book and get started today!',20.99,'assets/images/products/books/book-luv2code-1001.png',_binary '',100,'2021-07-20 08:18:53.000000',NULL,1),(3,'BOOK-TECH-1002','Exploring Vue.js','Learn Vue.js at your own pace. The author explains how the technology works in easy-to-understand language. This book includes working examples that you can apply to your own projects. Purchase the book and get started today!',14.99,'assets/images/products/books/book-luv2code-1002.png',_binary '',100,'2021-07-20 08:18:53.000000',NULL,1),(4,'BOOK-TECH-1003','Advanced Techniques in Big Data','Learn Big Data at your own pace. The author explains how the technology works in easy-to-understand language. This book includes working examples that you can apply to your own projects. Purchase the book and get started today!',13.99,'assets/images/products/books/book-luv2code-1003.png',_binary '',100,'2021-07-20 08:18:53.000000',NULL,1),(5,'BOOK-TECH-1004','Crash Course in Big Data','Learn Big Data at your own pace. The author explains how the technology works in easy-to-understand language. This book includes working examples that you can apply to your own projects. Purchase the book and get started today!',18.99,'assets/images/products/books/book-luv2code-1004.png',_binary '',100,'2021-07-20 08:18:53.000000',NULL,1),(6,'BOOK-TECH-1005','JavaScript Cookbook','Learn JavaScript at your own pace. The author explains how the technology works in easy-to-understand language. This book includes working examples that you can apply to your own projects. Purchase the book and get started today!',23.99,'assets/images/products/books/book-luv2code-1005.png',_binary '',100,'2021-07-20 08:18:53.000000',NULL,1),(7,'BOOK-TECH-1006','Beginners Guide to SQL','Learn SQL at your own pace. The author explains how the technology works in easy-to-understand language. This book includes working examples that you can apply to your own projects. Purchase the book and get started today!',14.99,'assets/images/products/books/book-luv2code-1006.png',_binary '',100,'2021-07-20 08:18:53.000000',NULL,1),(8,'BOOK-TECH-1007','Advanced Techniques in JavaScript','Learn JavaScript at your own pace. The author explains how the technology works in easy-to-understand language. This book includes working examples that you can apply to your own projects. Purchase the book and get started today!',16.99,'assets/images/products/books/book-luv2code-1007.png',_binary '',100,'2021-07-20 08:18:53.000000',NULL,1),(9,'BOOK-TECH-1008','Introduction to Spring Boot','Learn Spring Boot at your own pace. The author explains how the technology works in easy-to-understand language. This book includes working examples that you can apply to your own projects. Purchase the book and get started today!',25.99,'assets/images/products/books/book-luv2code-1008.png',_binary '',100,'2021-07-20 08:18:53.000000',NULL,1),(10,'BOOK-TECH-1009','Become a Guru in React.js','Learn React.js at your own pace. The author explains how the technology works in easy-to-understand language. This book includes working examples that you can apply to your own projects. Purchase the book and get started today!',23.99,'assets/images/products/books/book-luv2code-1009.png',_binary '',100,'2021-07-20 08:18:53.000000',NULL,1),(11,'BOOK-TECH-1010','Beginners Guide to Data Science','Learn Data Science at your own pace. The author explains how the technology works in easy-to-understand language. This book includes working examples that you can apply to your own projects. Purchase the book and get started today!',24.99,'assets/images/products/books/book-luv2code-1010.png',_binary '',100,'2021-07-20 08:18:53.000000',NULL,1),(12,'BOOK-TECH-1011','Advanced Techniques in Java','Learn Java at your own pace. The author explains how the technology works in easy-to-understand language. This book includes working examples that you can apply to your own projects. Purchase the book and get started today!',19.99,'assets/images/products/books/book-luv2code-1011.png',_binary '',100,'2021-07-20 08:18:53.000000',NULL,1),(13,'BOOK-TECH-1012','Exploring DevOps','Learn DevOps at your own pace. The author explains how the technology works in easy-to-understand language. This book includes working examples that you can apply to your own projects. Purchase the book and get started today!',24.99,'assets/images/products/books/book-luv2code-1012.png',_binary '',100,'2021-07-20 08:18:53.000000',NULL,1),(14,'BOOK-TECH-1013','The Expert Guide to SQL','Learn SQL at your own pace. The author explains how the technology works in easy-to-understand language. This book includes working examples that you can apply to your own projects. Purchase the book and get started today!',19.99,'assets/images/products/books/book-luv2code-1013.png',_binary '',100,'2021-07-20 08:18:53.000000',NULL,1),(15,'BOOK-TECH-1014','Introduction to SQL','Learn SQL at your own pace. The author explains how the technology works in easy-to-understand language. This book includes working examples that you can apply to your own projects. Purchase the book and get started today!',22.99,'assets/images/products/books/book-luv2code-1014.png',_binary '',100,'2021-07-20 08:18:53.000000',NULL,1),(16,'BOOK-TECH-1015','The Expert Guide to JavaScript','Learn JavaScript at your own pace. The author explains how the technology works in easy-to-understand language. This book includes working examples that you can apply to your own projects. Purchase the book and get started today!',22.99,'assets/images/products/books/book-luv2code-1015.png',_binary '',100,'2021-07-20 08:18:53.000000',NULL,1),(17,'BOOK-TECH-1016','Exploring React.js','Learn React.js at your own pace. The author explains how the technology works in easy-to-understand language. This book includes working examples that you can apply to your own projects. Purchase the book and get started today!',27.99,'assets/images/products/books/book-luv2code-1016.png',_binary '',100,'2021-07-20 08:18:53.000000',NULL,1),(18,'BOOK-TECH-1017','Advanced Techniques in React.js','Learn React.js at your own pace. The author explains how the technology works in easy-to-understand language. This book includes working examples that you can apply to your own projects. Purchase the book and get started today!',13.99,'assets/images/products/books/book-luv2code-1017.png',_binary '',100,'2021-07-20 08:18:53.000000',NULL,1),(19,'BOOK-TECH-1018','Introduction to C#','Learn C# at your own pace. The author explains how the technology works in easy-to-understand language. This book includes working examples that you can apply to your own projects. Purchase the book and get started today!',26.99,'assets/images/products/books/book-luv2code-1018.png',_binary '',100,'2021-07-20 08:18:53.000000',NULL,1),(20,'BOOK-TECH-1019','Crash Course in JavaScript','Learn JavaScript at your own pace. The author explains how the technology works in easy-to-understand language. This book includes working examples that you can apply to your own projects. Purchase the book and get started today!',13.99,'assets/images/products/books/book-luv2code-1019.png',_binary '',100,'2021-07-20 08:18:53.000000',NULL,1),(21,'BOOK-TECH-1020','Introduction to Machine Learning','Learn Machine Learning at your own pace. The author explains how the technology works in easy-to-understand language. This book includes working examples that you can apply to your own projects. Purchase the book and get started today!',19.99,'assets/images/products/books/book-luv2code-1020.png',_binary '',100,'2021-07-20 08:18:53.000000',NULL,1),(22,'BOOK-TECH-1021','Become a Guru in Java','Learn Java at your own pace. The author explains how the technology works in easy-to-understand language. This book includes working examples that you can apply to your own projects. Purchase the book and get started today!',18.99,'assets/images/products/books/book-luv2code-1021.png',_binary '',100,'2021-07-20 08:18:53.000000',NULL,1),(23,'BOOK-TECH-1022','Introduction to Python','Learn Python at your own pace. The author explains how the technology works in easy-to-understand language. This book includes working examples that you can apply to your own projects. Purchase the book and get started today!',26.99,'assets/images/products/books/book-luv2code-1022.png',_binary '',100,'2021-07-20 08:18:53.000000',NULL,1),(24,'BOOK-TECH-1023','Advanced Techniques in C#','Learn C# at your own pace. The author explains how the technology works in easy-to-understand language. This book includes working examples that you can apply to your own projects. Purchase the book and get started today!',22.99,'assets/images/products/books/book-luv2code-1023.png',_binary '',100,'2021-07-20 08:18:53.000000',NULL,1),(25,'BOOK-TECH-1024','The Expert Guide to Machine Learning','Learn Machine Learning at your own pace. The author explains how the technology works in easy-to-understand language. This book includes working examples that you can apply to your own projects. Purchase the book and get started today!',16.99,'assets/images/products/books/book-luv2code-1024.png',_binary '',100,'2021-07-20 08:18:53.000000',NULL,1),(26,'COFFEEMUG-1000','Coffee Mug - Express','Do you love mathematics? If so, then you need this elegant coffee mug with an amazing fractal design. You don\'t have to worry about boring coffee mugs anymore. This coffee mug will be the topic of conversation in the office, guaranteed! Buy it now!',18.99,'assets/images/products/coffeemugs/coffeemug-luv2code-1000.png',_binary '',100,'2021-07-20 08:18:53.000000',NULL,2),(27,'COFFEEMUG-1001','Coffee Mug - Cherokee','Do you love mathematics? If so, then you need this elegant coffee mug with an amazing fractal design. You don\'t have to worry about boring coffee mugs anymore. This coffee mug will be the topic of conversation in the office, guaranteed! Buy it now!',18.99,'assets/images/products/coffeemugs/coffeemug-luv2code-1001.png',_binary '',100,'2021-07-20 08:18:53.000000',NULL,2),(28,'COFFEEMUG-1002','Coffee Mug - Sweeper','Do you love mathematics? If so, then you need this elegant coffee mug with an amazing fractal design. You don\'t have to worry about boring coffee mugs anymore. This coffee mug will be the topic of conversation in the office, guaranteed! Buy it now!',18.99,'assets/images/products/coffeemugs/coffeemug-luv2code-1002.png',_binary '',100,'2021-07-20 08:18:53.000000',NULL,2),(29,'COFFEEMUG-1003','Coffee Mug - Aspire','Do you love mathematics? If so, then you need this elegant coffee mug with an amazing fractal design. You don\'t have to worry about boring coffee mugs anymore. This coffee mug will be the topic of conversation in the office, guaranteed! Buy it now!',18.99,'assets/images/products/coffeemugs/coffeemug-luv2code-1003.png',_binary '',100,'2021-07-20 08:18:53.000000',NULL,2),(30,'COFFEEMUG-1004','Coffee Mug - Dorian','Do you love mathematics? If so, then you need this elegant coffee mug with an amazing fractal design. You don\'t have to worry about boring coffee mugs anymore. This coffee mug will be the topic of conversation in the office, guaranteed! Buy it now!',18.99,'assets/images/products/coffeemugs/coffeemug-luv2code-1004.png',_binary '',100,'2021-07-20 08:18:53.000000',NULL,2),(31,'COFFEEMUG-1005','Coffee Mug - Columbia','Do you love mathematics? If so, then you need this elegant coffee mug with an amazing fractal design. You don\'t have to worry about boring coffee mugs anymore. This coffee mug will be the topic of conversation in the office, guaranteed! Buy it now!',18.99,'assets/images/products/coffeemugs/coffeemug-luv2code-1005.png',_binary '',100,'2021-07-20 08:18:53.000000',NULL,2),(32,'COFFEEMUG-1006','Coffee Mug - Worthing','Do you love mathematics? If so, then you need this elegant coffee mug with an amazing fractal design. You don\'t have to worry about boring coffee mugs anymore. This coffee mug will be the topic of conversation in the office, guaranteed! Buy it now!',18.99,'assets/images/products/coffeemugs/coffeemug-luv2code-1006.png',_binary '',100,'2021-07-20 08:18:53.000000',NULL,2),(33,'COFFEEMUG-1007','Coffee Mug - Oak Cliff','Do you love mathematics? If so, then you need this elegant coffee mug with an amazing fractal design. You don\'t have to worry about boring coffee mugs anymore. This coffee mug will be the topic of conversation in the office, guaranteed! Buy it now!',18.99,'assets/images/products/coffeemugs/coffeemug-luv2code-1007.png',_binary '',100,'2021-07-20 08:18:53.000000',NULL,2),(34,'COFFEEMUG-1008','Coffee Mug - Tachyon','Do you love mathematics? If so, then you need this elegant coffee mug with an amazing fractal design. You don\'t have to worry about boring coffee mugs anymore. This coffee mug will be the topic of conversation in the office, guaranteed! Buy it now!',18.99,'assets/images/products/coffeemugs/coffeemug-luv2code-1008.png',_binary '',100,'2021-07-20 08:18:53.000000',NULL,2),(35,'COFFEEMUG-1009','Coffee Mug - Pan','Do you love mathematics? If so, then you need this elegant coffee mug with an amazing fractal design. You don\'t have to worry about boring coffee mugs anymore. This coffee mug will be the topic of conversation in the office, guaranteed! Buy it now!',18.99,'assets/images/products/coffeemugs/coffeemug-luv2code-1009.png',_binary '',100,'2021-07-20 08:18:53.000000',NULL,2),(36,'COFFEEMUG-1010','Coffee Mug - Phase','Do you love mathematics? If so, then you need this elegant coffee mug with an amazing fractal design. You don\'t have to worry about boring coffee mugs anymore. This coffee mug will be the topic of conversation in the office, guaranteed! Buy it now!',18.99,'assets/images/products/coffeemugs/coffeemug-luv2code-1010.png',_binary '',100,'2021-07-20 08:18:53.000000',NULL,2),(37,'COFFEEMUG-1011','Coffee Mug - Falling','Do you love mathematics? If so, then you need this elegant coffee mug with an amazing fractal design. You don\'t have to worry about boring coffee mugs anymore. This coffee mug will be the topic of conversation in the office, guaranteed! Buy it now!',18.99,'assets/images/products/coffeemugs/coffeemug-luv2code-1011.png',_binary '',100,'2021-07-20 08:18:53.000000',NULL,2),(38,'COFFEEMUG-1012','Coffee Mug - Wispy','Do you love mathematics? If so, then you need this elegant coffee mug with an amazing fractal design. You don\'t have to worry about boring coffee mugs anymore. This coffee mug will be the topic of conversation in the office, guaranteed! Buy it now!',18.99,'assets/images/products/coffeemugs/coffeemug-luv2code-1012.png',_binary '',100,'2021-07-20 08:18:53.000000',NULL,2),(39,'COFFEEMUG-1013','Coffee Mug - Arlington','Do you love mathematics? If so, then you need this elegant coffee mug with an amazing fractal design. You don\'t have to worry about boring coffee mugs anymore. This coffee mug will be the topic of conversation in the office, guaranteed! Buy it now!',18.99,'assets/images/products/coffeemugs/coffeemug-luv2code-1013.png',_binary '',100,'2021-07-20 08:18:53.000000',NULL,2),(40,'COFFEEMUG-1014','Coffee Mug - Gazing','Do you love mathematics? If so, then you need this elegant coffee mug with an amazing fractal design. You don\'t have to worry about boring coffee mugs anymore. This coffee mug will be the topic of conversation in the office, guaranteed! Buy it now!',18.99,'assets/images/products/coffeemugs/coffeemug-luv2code-1014.png',_binary '',100,'2021-07-20 08:18:53.000000',NULL,2),(41,'COFFEEMUG-1015','Coffee Mug - Azura','Do you love mathematics? If so, then you need this elegant coffee mug with an amazing fractal design. You don\'t have to worry about boring coffee mugs anymore. This coffee mug will be the topic of conversation in the office, guaranteed! Buy it now!',18.99,'assets/images/products/coffeemugs/coffeemug-luv2code-1015.png',_binary '',100,'2021-07-20 08:18:53.000000',NULL,2),(42,'COFFEEMUG-1016','Coffee Mug - Quantum Leap','Do you love mathematics? If so, then you need this elegant coffee mug with an amazing fractal design. You don\'t have to worry about boring coffee mugs anymore. This coffee mug will be the topic of conversation in the office, guaranteed! Buy it now!',18.99,'assets/images/products/coffeemugs/coffeemug-luv2code-1016.png',_binary '',100,'2021-07-20 08:18:53.000000',NULL,2),(43,'COFFEEMUG-1017','Coffee Mug - Light Years','Do you love mathematics? If so, then you need this elegant coffee mug with an amazing fractal design. You don\'t have to worry about boring coffee mugs anymore. This coffee mug will be the topic of conversation in the office, guaranteed! Buy it now!',18.99,'assets/images/products/coffeemugs/coffeemug-luv2code-1017.png',_binary '',100,'2021-07-20 08:18:53.000000',NULL,2),(44,'COFFEEMUG-1018','Coffee Mug - Taylor','Do you love mathematics? If so, then you need this elegant coffee mug with an amazing fractal design. You don\'t have to worry about boring coffee mugs anymore. This coffee mug will be the topic of conversation in the office, guaranteed! Buy it now!',18.99,'assets/images/products/coffeemugs/coffeemug-luv2code-1018.png',_binary '',100,'2021-07-20 08:18:53.000000',NULL,2),(45,'COFFEEMUG-1019','Coffee Mug - Gracia','Do you love mathematics? If so, then you need this elegant coffee mug with an amazing fractal design. You don\'t have to worry about boring coffee mugs anymore. This coffee mug will be the topic of conversation in the office, guaranteed! Buy it now!',18.99,'assets/images/products/coffeemugs/coffeemug-luv2code-1019.png',_binary '',100,'2021-07-20 08:18:53.000000',NULL,2),(46,'COFFEEMUG-1020','Coffee Mug - Relax','Do you love mathematics? If so, then you need this elegant coffee mug with an amazing fractal design. You don\'t have to worry about boring coffee mugs anymore. This coffee mug will be the topic of conversation in the office, guaranteed! Buy it now!',18.99,'assets/images/products/coffeemugs/coffeemug-luv2code-1020.png',_binary '',100,'2021-07-20 08:18:53.000000',NULL,2),(47,'COFFEEMUG-1021','Coffee Mug - Windermere','Do you love mathematics? If so, then you need this elegant coffee mug with an amazing fractal design. You don\'t have to worry about boring coffee mugs anymore. This coffee mug will be the topic of conversation in the office, guaranteed! Buy it now!',18.99,'assets/images/products/coffeemugs/coffeemug-luv2code-1021.png',_binary '',100,'2021-07-20 08:18:53.000000',NULL,2),(48,'COFFEEMUG-1022','Coffee Mug - Prancer','Do you love mathematics? If so, then you need this elegant coffee mug with an amazing fractal design. You don\'t have to worry about boring coffee mugs anymore. This coffee mug will be the topic of conversation in the office, guaranteed! Buy it now!',18.99,'assets/images/products/coffeemugs/coffeemug-luv2code-1022.png',_binary '',100,'2021-07-20 08:18:53.000000',NULL,2),(49,'COFFEEMUG-1023','Coffee Mug - Recursion','Do you love mathematics? If so, then you need this elegant coffee mug with an amazing fractal design. You don\'t have to worry about boring coffee mugs anymore. This coffee mug will be the topic of conversation in the office, guaranteed! Buy it now!',18.99,'assets/images/products/coffeemugs/coffeemug-luv2code-1023.png',_binary '',100,'2021-07-20 08:18:53.000000',NULL,2),(50,'COFFEEMUG-1024','Coffee Mug - Treasure','Do you love mathematics? If so, then you need this elegant coffee mug with an amazing fractal design. You don\'t have to worry about boring coffee mugs anymore. This coffee mug will be the topic of conversation in the office, guaranteed! Buy it now!',18.99,'assets/images/products/coffeemugs/coffeemug-luv2code-1024.png',_binary '',100,'2021-07-20 08:18:53.000000',NULL,2),(51,'MOUSEPAD-1000','Mouse Pad - Express','Fractal images are amazing! You can now own a mouse pad with a unique and amazing fractal. The mouse pad is made of a durable and smooth material. Your mouse will easily glide across the mouse pad. This mouse pad will brighten your workspace. Buy it now!',17.99,'assets/images/products/mousepads/mousepad-luv2code-1000.png',_binary '',100,'2021-07-20 08:18:53.000000',NULL,3),(52,'MOUSEPAD-1001','Mouse Pad - Cherokee','Fractal images are amazing! You can now own a mouse pad with a unique and amazing fractal. The mouse pad is made of a durable and smooth material. Your mouse will easily glide across the mouse pad. This mouse pad will brighten your workspace. Buy it now!',17.99,'assets/images/products/mousepads/mousepad-luv2code-1001.png',_binary '',100,'2021-07-20 08:18:53.000000',NULL,3),(53,'MOUSEPAD-1002','Mouse Pad - Sweeper','Fractal images are amazing! You can now own a mouse pad with a unique and amazing fractal. The mouse pad is made of a durable and smooth material. Your mouse will easily glide across the mouse pad. This mouse pad will brighten your workspace. Buy it now!',17.99,'assets/images/products/mousepads/mousepad-luv2code-1002.png',_binary '',100,'2021-07-20 08:18:53.000000',NULL,3),(54,'MOUSEPAD-1003','Mouse Pad - Aspire','Fractal images are amazing! You can now own a mouse pad with a unique and amazing fractal. The mouse pad is made of a durable and smooth material. Your mouse will easily glide across the mouse pad. This mouse pad will brighten your workspace. Buy it now!',17.99,'assets/images/products/mousepads/mousepad-luv2code-1003.png',_binary '',100,'2021-07-20 08:18:53.000000',NULL,3),(55,'MOUSEPAD-1004','Mouse Pad - Dorian','Fractal images are amazing! You can now own a mouse pad with a unique and amazing fractal. The mouse pad is made of a durable and smooth material. Your mouse will easily glide across the mouse pad. This mouse pad will brighten your workspace. Buy it now!',17.99,'assets/images/products/mousepads/mousepad-luv2code-1004.png',_binary '',100,'2021-07-20 08:18:53.000000',NULL,3),(56,'MOUSEPAD-1005','Mouse Pad - Columbia','Fractal images are amazing! You can now own a mouse pad with a unique and amazing fractal. The mouse pad is made of a durable and smooth material. Your mouse will easily glide across the mouse pad. This mouse pad will brighten your workspace. Buy it now!',17.99,'assets/images/products/mousepads/mousepad-luv2code-1005.png',_binary '',100,'2021-07-20 08:18:53.000000',NULL,3),(57,'MOUSEPAD-1006','Mouse Pad - Worthing','Fractal images are amazing! You can now own a mouse pad with a unique and amazing fractal. The mouse pad is made of a durable and smooth material. Your mouse will easily glide across the mouse pad. This mouse pad will brighten your workspace. Buy it now!',17.99,'assets/images/products/mousepads/mousepad-luv2code-1006.png',_binary '',100,'2021-07-20 08:18:53.000000',NULL,3),(58,'MOUSEPAD-1007','Mouse Pad - Oak Cliff','Fractal images are amazing! You can now own a mouse pad with a unique and amazing fractal. The mouse pad is made of a durable and smooth material. Your mouse will easily glide across the mouse pad. This mouse pad will brighten your workspace. Buy it now!',17.99,'assets/images/products/mousepads/mousepad-luv2code-1007.png',_binary '',100,'2021-07-20 08:18:53.000000',NULL,3),(59,'MOUSEPAD-1008','Mouse Pad - Tachyon','Fractal images are amazing! You can now own a mouse pad with a unique and amazing fractal. The mouse pad is made of a durable and smooth material. Your mouse will easily glide across the mouse pad. This mouse pad will brighten your workspace. Buy it now!',17.99,'assets/images/products/mousepads/mousepad-luv2code-1008.png',_binary '',100,'2021-07-20 08:18:53.000000',NULL,3),(60,'MOUSEPAD-1009','Mouse Pad - Pan','Fractal images are amazing! You can now own a mouse pad with a unique and amazing fractal. The mouse pad is made of a durable and smooth material. Your mouse will easily glide across the mouse pad. This mouse pad will brighten your workspace. Buy it now!',17.99,'assets/images/products/mousepads/mousepad-luv2code-1009.png',_binary '',100,'2021-07-20 08:18:53.000000',NULL,3),(61,'MOUSEPAD-1010','Mouse Pad - Phase','Fractal images are amazing! You can now own a mouse pad with a unique and amazing fractal. The mouse pad is made of a durable and smooth material. Your mouse will easily glide across the mouse pad. This mouse pad will brighten your workspace. Buy it now!',17.99,'assets/images/products/mousepads/mousepad-luv2code-1010.png',_binary '',100,'2021-07-20 08:18:53.000000',NULL,3),(62,'MOUSEPAD-1011','Mouse Pad - Falling','Fractal images are amazing! You can now own a mouse pad with a unique and amazing fractal. The mouse pad is made of a durable and smooth material. Your mouse will easily glide across the mouse pad. This mouse pad will brighten your workspace. Buy it now!',17.99,'assets/images/products/mousepads/mousepad-luv2code-1011.png',_binary '',100,'2021-07-20 08:18:53.000000',NULL,3),(63,'MOUSEPAD-1012','Mouse Pad - Wispy','Fractal images are amazing! You can now own a mouse pad with a unique and amazing fractal. The mouse pad is made of a durable and smooth material. Your mouse will easily glide across the mouse pad. This mouse pad will brighten your workspace. Buy it now!',17.99,'assets/images/products/mousepads/mousepad-luv2code-1012.png',_binary '',100,'2021-07-20 08:18:53.000000',NULL,3),(64,'MOUSEPAD-1013','Mouse Pad - Arlington','Fractal images are amazing! You can now own a mouse pad with a unique and amazing fractal. The mouse pad is made of a durable and smooth material. Your mouse will easily glide across the mouse pad. This mouse pad will brighten your workspace. Buy it now!',17.99,'assets/images/products/mousepads/mousepad-luv2code-1013.png',_binary '',100,'2021-07-20 08:18:53.000000',NULL,3),(65,'MOUSEPAD-1014','Mouse Pad - Gazing','Fractal images are amazing! You can now own a mouse pad with a unique and amazing fractal. The mouse pad is made of a durable and smooth material. Your mouse will easily glide across the mouse pad. This mouse pad will brighten your workspace. Buy it now!',17.99,'assets/images/products/mousepads/mousepad-luv2code-1014.png',_binary '',100,'2021-07-20 08:18:53.000000',NULL,3),(66,'MOUSEPAD-1015','Mouse Pad - Azura','Fractal images are amazing! You can now own a mouse pad with a unique and amazing fractal. The mouse pad is made of a durable and smooth material. Your mouse will easily glide across the mouse pad. This mouse pad will brighten your workspace. Buy it now!',17.99,'assets/images/products/mousepads/mousepad-luv2code-1015.png',_binary '',100,'2021-07-20 08:18:53.000000',NULL,3),(67,'MOUSEPAD-1016','Mouse Pad - Quantum Leap','Fractal images are amazing! You can now own a mouse pad with a unique and amazing fractal. The mouse pad is made of a durable and smooth material. Your mouse will easily glide across the mouse pad. This mouse pad will brighten your workspace. Buy it now!',17.99,'assets/images/products/mousepads/mousepad-luv2code-1016.png',_binary '',100,'2021-07-20 08:18:53.000000',NULL,3),(68,'MOUSEPAD-1017','Mouse Pad - Light Years','Fractal images are amazing! You can now own a mouse pad with a unique and amazing fractal. The mouse pad is made of a durable and smooth material. Your mouse will easily glide across the mouse pad. This mouse pad will brighten your workspace. Buy it now!',17.99,'assets/images/products/mousepads/mousepad-luv2code-1017.png',_binary '',100,'2021-07-20 08:18:53.000000',NULL,3),(69,'MOUSEPAD-1018','Mouse Pad - Taylor','Fractal images are amazing! You can now own a mouse pad with a unique and amazing fractal. The mouse pad is made of a durable and smooth material. Your mouse will easily glide across the mouse pad. This mouse pad will brighten your workspace. Buy it now!',17.99,'assets/images/products/mousepads/mousepad-luv2code-1018.png',_binary '',100,'2021-07-20 08:18:53.000000',NULL,3),(70,'MOUSEPAD-1019','Mouse Pad - Gracia','Fractal images are amazing! You can now own a mouse pad with a unique and amazing fractal. The mouse pad is made of a durable and smooth material. Your mouse will easily glide across the mouse pad. This mouse pad will brighten your workspace. Buy it now!',17.99,'assets/images/products/mousepads/mousepad-luv2code-1019.png',_binary '',100,'2021-07-20 08:18:53.000000',NULL,3),(71,'MOUSEPAD-1020','Mouse Pad - Relax','Fractal images are amazing! You can now own a mouse pad with a unique and amazing fractal. The mouse pad is made of a durable and smooth material. Your mouse will easily glide across the mouse pad. This mouse pad will brighten your workspace. Buy it now!',17.99,'assets/images/products/mousepads/mousepad-luv2code-1020.png',_binary '',100,'2021-07-20 08:18:53.000000',NULL,3),(72,'MOUSEPAD-1021','Mouse Pad - Windermere','Fractal images are amazing! You can now own a mouse pad with a unique and amazing fractal. The mouse pad is made of a durable and smooth material. Your mouse will easily glide across the mouse pad. This mouse pad will brighten your workspace. Buy it now!',17.99,'assets/images/products/mousepads/mousepad-luv2code-1021.png',_binary '',100,'2021-07-20 08:18:53.000000',NULL,3),(73,'MOUSEPAD-1022','Mouse Pad - Prancer','Fractal images are amazing! You can now own a mouse pad with a unique and amazing fractal. The mouse pad is made of a durable and smooth material. Your mouse will easily glide across the mouse pad. This mouse pad will brighten your workspace. Buy it now!',17.99,'assets/images/products/mousepads/mousepad-luv2code-1022.png',_binary '',100,'2021-07-20 08:18:53.000000',NULL,3),(74,'MOUSEPAD-1023','Mouse Pad - Recursion','Fractal images are amazing! You can now own a mouse pad with a unique and amazing fractal. The mouse pad is made of a durable and smooth material. Your mouse will easily glide across the mouse pad. This mouse pad will brighten your workspace. Buy it now!',17.99,'assets/images/products/mousepads/mousepad-luv2code-1023.png',_binary '',100,'2021-07-20 08:18:53.000000',NULL,3),(75,'MOUSEPAD-1024','Mouse Pad - Treasure','Fractal images are amazing! You can now own a mouse pad with a unique and amazing fractal. The mouse pad is made of a durable and smooth material. Your mouse will easily glide across the mouse pad. This mouse pad will brighten your workspace. Buy it now!',17.99,'assets/images/products/mousepads/mousepad-luv2code-1024.png',_binary '',100,'2021-07-20 08:18:53.000000',NULL,3),(76,'LUGGAGETAG-1000','Luggage Tag - Cherish','This luggage tag will help you identify your luggage. The luggage tag is very unique and it will stand out from the crowd. The luggage tag is created out of a rugged and durable plastic. Buy this luggage tag now to make it easy to identify your luggage!',16.99,'assets/images/products/luggagetags/luggagetag-luv2code-1000.png',_binary '',100,'2021-07-20 08:18:53.000000',NULL,4),(77,'LUGGAGETAG-1001','Luggage Tag - Adventure','This luggage tag will help you identify your luggage. The luggage tag is very unique and it will stand out from the crowd. The luggage tag is created out of a rugged and durable plastic. Buy this luggage tag now to make it easy to identify your luggage!',16.99,'assets/images/products/luggagetags/luggagetag-luv2code-1001.png',_binary '',100,'2021-07-20 08:18:53.000000',NULL,4),(78,'LUGGAGETAG-1002','Luggage Tag - Skyline','This luggage tag will help you identify your luggage. The luggage tag is very unique and it will stand out from the crowd. The luggage tag is created out of a rugged and durable plastic. Buy this luggage tag now to make it easy to identify your luggage!',16.99,'assets/images/products/luggagetags/luggagetag-luv2code-1002.png',_binary '',100,'2021-07-20 08:18:53.000000',NULL,4),(79,'LUGGAGETAG-1003','Luggage Tag - River','This luggage tag will help you identify your luggage. The luggage tag is very unique and it will stand out from the crowd. The luggage tag is created out of a rugged and durable plastic. Buy this luggage tag now to make it easy to identify your luggage!',16.99,'assets/images/products/luggagetags/luggagetag-luv2code-1003.png',_binary '',100,'2021-07-20 08:18:53.000000',NULL,4),(80,'LUGGAGETAG-1004','Luggage Tag - Trail Steps','This luggage tag will help you identify your luggage. The luggage tag is very unique and it will stand out from the crowd. The luggage tag is created out of a rugged and durable plastic. Buy this luggage tag now to make it easy to identify your luggage!',16.99,'assets/images/products/luggagetags/luggagetag-luv2code-1004.png',_binary '',100,'2021-07-20 08:18:53.000000',NULL,4),(81,'LUGGAGETAG-1005','Luggage Tag - Blooming','This luggage tag will help you identify your luggage. The luggage tag is very unique and it will stand out from the crowd. The luggage tag is created out of a rugged and durable plastic. Buy this luggage tag now to make it easy to identify your luggage!',16.99,'assets/images/products/luggagetags/luggagetag-luv2code-1005.png',_binary '',100,'2021-07-20 08:18:53.000000',NULL,4),(82,'LUGGAGETAG-1006','Luggage Tag - Park','This luggage tag will help you identify your luggage. The luggage tag is very unique and it will stand out from the crowd. The luggage tag is created out of a rugged and durable plastic. Buy this luggage tag now to make it easy to identify your luggage!',16.99,'assets/images/products/luggagetags/luggagetag-luv2code-1006.png',_binary '',100,'2021-07-20 08:18:53.000000',NULL,4),(83,'LUGGAGETAG-1007','Luggage Tag - Beauty','This luggage tag will help you identify your luggage. The luggage tag is very unique and it will stand out from the crowd. The luggage tag is created out of a rugged and durable plastic. Buy this luggage tag now to make it easy to identify your luggage!',16.99,'assets/images/products/luggagetags/luggagetag-luv2code-1007.png',_binary '',100,'2021-07-20 08:18:53.000000',NULL,4),(84,'LUGGAGETAG-1008','Luggage Tag - Water Fall','This luggage tag will help you identify your luggage. The luggage tag is very unique and it will stand out from the crowd. The luggage tag is created out of a rugged and durable plastic. Buy this luggage tag now to make it easy to identify your luggage!',16.99,'assets/images/products/luggagetags/luggagetag-luv2code-1008.png',_binary '',100,'2021-07-20 08:18:53.000000',NULL,4),(85,'LUGGAGETAG-1009','Luggage Tag - Trail','This luggage tag will help you identify your luggage. The luggage tag is very unique and it will stand out from the crowd. The luggage tag is created out of a rugged and durable plastic. Buy this luggage tag now to make it easy to identify your luggage!',16.99,'assets/images/products/luggagetags/luggagetag-luv2code-1009.png',_binary '',100,'2021-07-20 08:18:53.000000',NULL,4),(86,'LUGGAGETAG-1010','Luggage Tag - Skyscraper','This luggage tag will help you identify your luggage. The luggage tag is very unique and it will stand out from the crowd. The luggage tag is created out of a rugged and durable plastic. Buy this luggage tag now to make it easy to identify your luggage!',16.99,'assets/images/products/luggagetags/luggagetag-luv2code-1010.png',_binary '',100,'2021-07-20 08:18:53.000000',NULL,4),(87,'LUGGAGETAG-1011','Luggage Tag - Leaf','This luggage tag will help you identify your luggage. The luggage tag is very unique and it will stand out from the crowd. The luggage tag is created out of a rugged and durable plastic. Buy this luggage tag now to make it easy to identify your luggage!',16.99,'assets/images/products/luggagetags/luggagetag-luv2code-1011.png',_binary '',100,'2021-07-20 08:18:53.000000',NULL,4),(88,'LUGGAGETAG-1012','Luggage Tag - Jungle','This luggage tag will help you identify your luggage. The luggage tag is very unique and it will stand out from the crowd. The luggage tag is created out of a rugged and durable plastic. Buy this luggage tag now to make it easy to identify your luggage!',16.99,'assets/images/products/luggagetags/luggagetag-luv2code-1012.png',_binary '',100,'2021-07-20 08:18:53.000000',NULL,4),(89,'LUGGAGETAG-1013','Luggage Tag - Shoreline','This luggage tag will help you identify your luggage. The luggage tag is very unique and it will stand out from the crowd. The luggage tag is created out of a rugged and durable plastic. Buy this luggage tag now to make it easy to identify your luggage!',16.99,'assets/images/products/luggagetags/luggagetag-luv2code-1013.png',_binary '',100,'2021-07-20 08:18:53.000000',NULL,4),(90,'LUGGAGETAG-1014','Luggage Tag - Blossom','This luggage tag will help you identify your luggage. The luggage tag is very unique and it will stand out from the crowd. The luggage tag is created out of a rugged and durable plastic. Buy this luggage tag now to make it easy to identify your luggage!',16.99,'assets/images/products/luggagetags/luggagetag-luv2code-1014.png',_binary '',100,'2021-07-20 08:18:53.000000',NULL,4),(91,'LUGGAGETAG-1015','Luggage Tag - Lock','This luggage tag will help you identify your luggage. The luggage tag is very unique and it will stand out from the crowd. The luggage tag is created out of a rugged and durable plastic. Buy this luggage tag now to make it easy to identify your luggage!',16.99,'assets/images/products/luggagetags/luggagetag-luv2code-1015.png',_binary '',100,'2021-07-20 08:18:53.000000',NULL,4),(92,'LUGGAGETAG-1016','Luggage Tag - Cafe','This luggage tag will help you identify your luggage. The luggage tag is very unique and it will stand out from the crowd. The luggage tag is created out of a rugged and durable plastic. Buy this luggage tag now to make it easy to identify your luggage!',16.99,'assets/images/products/luggagetags/luggagetag-luv2code-1016.png',_binary '',100,'2021-07-20 08:18:53.000000',NULL,4),(93,'LUGGAGETAG-1017','Luggage Tag - Darling','This luggage tag will help you identify your luggage. The luggage tag is very unique and it will stand out from the crowd. The luggage tag is created out of a rugged and durable plastic. Buy this luggage tag now to make it easy to identify your luggage!',16.99,'assets/images/products/luggagetags/luggagetag-luv2code-1017.png',_binary '',100,'2021-07-20 08:18:53.000000',NULL,4),(94,'LUGGAGETAG-1018','Luggage Tag - Full Stack','This luggage tag will help you identify your luggage. The luggage tag is very unique and it will stand out from the crowd. The luggage tag is created out of a rugged and durable plastic. Buy this luggage tag now to make it easy to identify your luggage!',16.99,'assets/images/products/luggagetags/luggagetag-luv2code-1018.png',_binary '',100,'2021-07-20 08:18:53.000000',NULL,4),(95,'LUGGAGETAG-1019','Luggage Tag - Courtyard','This luggage tag will help you identify your luggage. The luggage tag is very unique and it will stand out from the crowd. The luggage tag is created out of a rugged and durable plastic. Buy this luggage tag now to make it easy to identify your luggage!',16.99,'assets/images/products/luggagetags/luggagetag-luv2code-1019.png',_binary '',100,'2021-07-20 08:18:53.000000',NULL,4),(96,'LUGGAGETAG-1020','Luggage Tag - Coaster','This luggage tag will help you identify your luggage. The luggage tag is very unique and it will stand out from the crowd. The luggage tag is created out of a rugged and durable plastic. Buy this luggage tag now to make it easy to identify your luggage!',16.99,'assets/images/products/luggagetags/luggagetag-luv2code-1020.png',_binary '',100,'2021-07-20 08:18:53.000000',NULL,4),(97,'LUGGAGETAG-1021','Luggage Tag - Bridge','This luggage tag will help you identify your luggage. The luggage tag is very unique and it will stand out from the crowd. The luggage tag is created out of a rugged and durable plastic. Buy this luggage tag now to make it easy to identify your luggage!',16.99,'assets/images/products/luggagetags/luggagetag-luv2code-1021.png',_binary '',100,'2021-07-20 08:18:53.000000',NULL,4),(98,'LUGGAGETAG-1022','Luggage Tag - Sunset','This luggage tag will help you identify your luggage. The luggage tag is very unique and it will stand out from the crowd. The luggage tag is created out of a rugged and durable plastic. Buy this luggage tag now to make it easy to identify your luggage!',16.99,'assets/images/products/luggagetags/luggagetag-luv2code-1022.png',_binary '',100,'2021-07-20 08:18:53.000000',NULL,4),(99,'LUGGAGETAG-1023','Luggage Tag - Flames','This luggage tag will help you identify your luggage. The luggage tag is very unique and it will stand out from the crowd. The luggage tag is created out of a rugged and durable plastic. Buy this luggage tag now to make it easy to identify your luggage!',16.99,'assets/images/products/luggagetags/luggagetag-luv2code-1023.png',_binary '',100,'2021-07-20 08:18:53.000000',NULL,4),(100,'LUGGAGETAG-1024','Luggage Tag - Countryside','This luggage tag will help you identify your luggage. The luggage tag is very unique and it will stand out from the crowd. The luggage tag is created out of a rugged and durable plastic. Buy this luggage tag now to make it easy to identify your luggage!',16.99,'assets/images/products/luggagetags/luggagetag-luv2code-1024.png',_binary '',100,'2021-07-20 08:18:53.000000',NULL,4);
/*!40000 ALTER TABLE `product` ENABLE KEYS */;
UNLOCK TABLES;

--
-- Table structure for table `product_category`
--

DROP TABLE IF EXISTS `product_category`;
/*!40101 SET @saved_cs_client     = @@character_set_client */;
/*!50503 SET character_set_client = utf8mb4 */;
CREATE TABLE `product_category` (
  `id` bigint NOT NULL AUTO_INCREMENT,
  `category_name` varchar(255) DEFAULT NULL,
  PRIMARY KEY (`id`)
) ENGINE=InnoDB AUTO_INCREMENT=5 DEFAULT CHARSET=utf8mb4 COLLATE=utf8mb4_0900_ai_ci;
/*!40101 SET character_set_client = @saved_cs_client */;

--
-- Dumping data for table `product_category`
--

LOCK TABLES `product_category` WRITE;
/*!40000 ALTER TABLE `product_category` DISABLE KEYS */;
INSERT INTO `product_category` VALUES (1,'Books'),(2,'Coffee Mugs'),(3,'Mouse Pads'),(4,'Luggage Tags');
/*!40000 ALTER TABLE `product_category` ENABLE KEYS */;
UNLOCK TABLES;

--
-- Table structure for table `state`
--

DROP TABLE IF EXISTS `state`;
/*!40101 SET @saved_cs_client     = @@character_set_client */;
/*!50503 SET character_set_client = utf8mb4 */;
CREATE TABLE `state` (
  `id` smallint unsigned NOT NULL AUTO_INCREMENT,
  `name` varchar(255) DEFAULT NULL,
  `country_id` smallint unsigned NOT NULL,
  PRIMARY KEY (`id`),
  KEY `fk_country` (`country_id`),
  CONSTRAINT `fk_country` FOREIGN KEY (`country_id`) REFERENCES `country` (`id`)
) ENGINE=InnoDB AUTO_INCREMENT=224 DEFAULT CHARSET=utf8mb4 COLLATE=utf8mb4_0900_ai_ci;
/*!40101 SET character_set_client = @saved_cs_client */;

--
-- Dumping data for table `state`
--

LOCK TABLES `state` WRITE;
/*!40000 ALTER TABLE `state` DISABLE KEYS */;
INSERT INTO `state` VALUES (1,'Acre',1),(2,'Alagoas',1),(3,'Amap',1),(4,'Amazonas',1),(5,'Bahia',1),(6,'Cear',1),(7,'Distrito Federal',1),(8,'Esprito Santo',1),(9,'Gois',1),(10,'Maranho',1),(11,'Mato Grosso do Sul',1),(12,'Mato Grosso',1),(13,'Minas Gerais',1),(14,'Paran',1),(15,'Paraba',1),(16,'Par',1),(17,'Pernambuco',1),(18,'Piaui',1),(19,'Rio de Janeiro',1),(20,'Rio Grande do Norte',1),(21,'Rio Grande do Sul',1),(22,'Rondnia',1),(23,'Roraima',1),(24,'Santa Catarina',1),(25,'Sergipe',1),(26,'So Paulo',1),(27,'Tocantins',1),(28,'Alberta',2),(29,'British Columbia',2),(30,'Manitoba',2),(31,'New Brunswick',2),(32,'Newfoundland and Labrador',2),(33,'Northwest Territories',2),(34,'Nova Scotia',2),(35,'Nunavut',2),(36,'Ontario',2),(37,'Prince Edward Island',2),(38,'Quebec',2),(39,'Saskatchewan',2),(40,'Yukon',2),(41,'Baden-Wrttemberg',3),(42,'Bavaria',3),(43,'Berlin',3),(44,'Brandenburg',3),(45,'Bremen',3),(46,'Hamburg',3),(47,'Hesse',3),(48,'Lower Saxony',3),(49,'Mecklenburg-Vorpommern',3),(50,'North Rhine-Westphalia',3),(51,'Rhineland-Palatinate',3),(52,'Saarland',3),(53,'Saxony',3),(54,'Saxony-Anhalt',3),(55,'Schleswig-Holstein',3),(56,'Thuringia',3),(57,'Andhra Pradesh',4),(58,'Arunachal Pradesh',4),(59,'Assam',4),(60,'Bihar',4),(61,'Chhattisgarh',4),(62,'Goa',4),(63,'Gujarat',4),(64,'Haryana',4),(65,'Himachal Pradesh',4),(66,'Jammu & Kashmir',4),(67,'Jharkhand',4),(68,'Karnataka',4),(69,'Kerala',4),(70,'Madhya Pradesh',4),(71,'Maharashtra',4),(72,'Manipur',4),(73,'Meghalaya',4),(74,'Mizoram',4),(75,'Nagaland',4),(76,'Odisha',4),(77,'Punjab',4),(78,'Rajasthan',4),(79,'Sikkim',4),(80,'Tamil Nadu',4),(81,'Telangana',4),(82,'Tripura',4),(83,'Uttar Pradesh',4),(84,'Uttarakhand',4),(85,'West Bengal',4),(86,'Andaman and Nicobar Islands',4),(87,'Chandigarh',4),(88,'Dadra and Nagar Haveli',4),(89,'Daman & Diu',4),(90,'Lakshadweep',4),(91,'Puducherry',4),(92,'The Government of NCT of Delhi',4),(93,'Alabama',6),(94,'Alaska',6),(95,'Arizona',6),(96,'Arkansas',6),(97,'California',6),(98,'Colorado',6),(99,'Connecticut',6),(100,'Delaware',6),(101,'District Of Columbia',6),(102,'Florida',6),(103,'Georgia',6),(104,'Hawaii',6),(105,'Idaho',6),(106,'Illinois',6),(107,'Indiana',6),(108,'Iowa',6),(109,'Kansas',6),(110,'Kentucky',6),(111,'Louisiana',6),(112,'Maine',6),(113,'Maryland',6),(114,'Massachusetts',6),(115,'Michigan',6),(116,'Minnesota',6),(117,'Mississippi',6),(118,'Missouri',6),(119,'Montana',6),(120,'Nebraska',6),(121,'Nevada',6),(122,'New Hampshire',6),(123,'New Jersey',6),(124,'New Mexico',6),(125,'New York',6),(126,'North Carolina',6),(127,'North Dakota',6),(128,'Ohio',6),(129,'Oklahoma',6),(130,'Oregon',6),(131,'Pennsylvania',6),(132,'Rhode Island',6),(133,'South Carolina',6),(134,'South Dakota',6),(135,'Tennessee',6),(136,'Texas',6),(137,'Utah',6),(138,'Vermont',6),(139,'Virginia',6),(140,'Washington',6),(141,'West Virginia',6),(142,'Wisconsin',6),(143,'Wyoming',6),(144,'Adyaman',5),(145,'Afyonkarahisar',5),(146,'Ar',5),(147,'Aksaray',5),(148,'Amasya',5),(149,'Ankara',5),(150,'Antalya',5),(151,'Ardahan',5),(152,'Artvin',5),(153,'Aydn',5),(154,'Balkesir',5),(155,'Bartn',5),(156,'Batman',5),(157,'Bayburt',5),(158,'Bilecik',5),(159,'Bingl',5),(160,'Bitlis',5),(161,'Bolu',5),(162,'Burdur',5),(163,'Bursa',5),(164,'anakkale',5),(165,'ankr',5),(166,'orum',5),(167,'Denizli',5),(168,'Diyarbakr',5),(169,'Dzce',5),(170,'Edirne',5),(171,'Elaz',5),(172,'Erzincan',5),(173,'Erzurum',5),(174,'Eskiehir',5),(175,'Gaziantep',5),(176,'Giresun',5),(177,'Gmhane',5),(178,'Hakkri',5),(179,'Hatay',5),(180,'Idr',5),(181,'Isparta',5),(182,'stanbul',5),(183,'zmir',5),(184,'Kahramanmara',5),(185,'Karabk',5),(186,'Karaman',5),(187,'Kars',5),(188,'Kastamonu',5),(189,'Kayseri',5),(190,'Krkkale',5),(191,'Krklareli',5),(192,'Krehir',5),(193,'Kilis',5),(194,'Kocaeli',5),(195,'Konya',5),(196,'Ktahya',5),(197,'Malatya',5),(198,'Manisa',5),(199,'Mardin',5),(200,'Mersin',5),(201,'Mula',5),(202,'Mu',5),(203,'Nevehir',5),(204,'Nide',5),(205,'Ordu',5),(206,'Osmaniye',5),(207,'Rize',5),(208,'Sakarya',5),(209,'Samsun',5),(210,'Siirt',5),(211,'Sinop',5),(212,'Sivas',5),(213,'anlurfa',5),(214,'rnak',5),(215,'Tekirda',5),(216,'Tokat',5),(217,'Trabzon',5),(218,'Tunceli',5),(219,'Uak',5),(220,'Van',5),(221,'Yalova',5),(222,'Yozgat',5),(223,'Zonguldak',5);
/*!40000 ALTER TABLE `state` ENABLE KEYS */;
UNLOCK TABLES;
/*!40103 SET TIME_ZONE=@OLD_TIME_ZONE */;

/*!40101 SET SQL_MODE=@OLD_SQL_MODE */;
/*!40014 SET FOREIGN_KEY_CHECKS=@OLD_FOREIGN_KEY_CHECKS */;
/*!40014 SET UNIQUE_CHECKS=@OLD_UNIQUE_CHECKS */;
/*!40101 SET CHARACTER_SET_CLIENT=@OLD_CHARACTER_SET_CLIENT */;
/*!40101 SET CHARACTER_SET_RESULTS=@OLD_CHARACTER_SET_RESULTS */;
/*!40101 SET COLLATION_CONNECTION=@OLD_COLLATION_CONNECTION */;
/*!40111 SET SQL_NOTES=@OLD_SQL_NOTES */;

-- Dump completed on 2021-08-04 18:10:38
